id;sequence
020515;1,3,13,57,241,993,4033,16257,65281,261633,1047553,4192257,16773121,67100673,268419073,1073709057,4294901761,17179738113,68719214593,274877382657,1099510579201
206601;0,2,26,728,59048,14348906,10460353202,22876792454960,150094635296999120,2954312706550833698642,174449211009120179071170506,30903154382632612361920641803528,16423203268260658146231467800709255288,26183890704263137277674192438430182020124346
243918;1,4,32,814,86600,39560554,75654970772,594996059517934,19035905851947436400,2460857798358946973785234,1280109151917797032199865564812,2672783800502564772495577135824089014,22366199286781599568269093307412768076442280
062971;1,2,16,216,4096,100000,2985984,105413504,4294967296,198359290368,10240000000000,584318301411328,36520347436056576,2481152873203736576,182059119829942534144,14348907000000000000000,1208925819614629174706176,108428035605965932354207744
000351;1,5,25,125,625,3125,15625,78125,390625,1953125,9765625,48828125,244140625,1220703125,6103515625,30517578125,152587890625,762939453125,3814697265625,19073486328125,95367431640625,476837158203125,2384185791015625,11920928955078125
000169;1,2,9,64,625,7776,117649,2097152,43046721,1000000000,25937424601,743008370688,23298085122481,793714773254144,29192926025390625,1152921504606846976,48661191875666868481,2185911559738696531968,104127350297911241532841,5242880000000000000000000
062119;0,2,12,72,480,3600,30240,282240,2903040,32659200,399168000,5269017600,74724249600,1133317785600,18307441152000,313841848320000,5690998849536000,108840352997376000,2189611807358976000,46225138155356160000,1021818843434188800000
088668;1,6,112,7680,2031616,2113929216,8727373545472,143552238122434560,9426286221665580875776,2473462226931531291448836096,2594880778667185584863751461404672,10886377285478460999082179823696022077440,182665403921164334152319068371262729095485587456
155597;1,5,33,209,1281,7745,46593,279809,1679361,10077185,60465153,362795009,2176778241,13060685825,78364147713,470184951809,2821109841921,16926659313665,101559956406273,609359739486209,3656158439014401,21936950638280705,131621703838072833
128406;1,8,192,16384,5242880,6442450944,30786325577728,576460752303423488,42501298345826806923264,12379400392853802748991242240,14278816360970775978458864905355264,65334214448820184984967924626899496599552,1187470080331358621040493926581979953470445191168
171270;3,11,33,95,273,791,2313,6815,20193,60071,179193,535535,1602513,4799351,14381673,43112255,129271233,387682631,1162785753,3487832975,10462450353,31385253911,94151567433,282446313695,847322163873
337851;1,4,36,1000,104976,45435424,82653950016,627485170000000,19631688197463081216,2504194578379511247798784,1292628144912333835229805413376,2687153475176994340820312500000000000,22431765115399782718874449007331506546282496
053763;1,1,4,64,4096,1048576,1073741824,4398046511104,72057594037927936,4722366482869645213696,1237940039285380274899124224,1298074214633706907132624082305024,5444517870735015415413993718908291383296,91343852333181432387730302044767688728495783936
066052;0,0,2,14,94,644,4808,39556,360260,3619304,39881104,478861448,6226452296,87175900720,1307664018464,20922743681264,355687216296688,6402372708414176,121645095599130560,2432901984417975904,51090942051756747104,1124000727158723041088,25852016735627132757376
061190;1,0,2,24,252,3120,46650,823536,16777208,387420480,9999999990,285311670600,8916100448244,302875106592240,11112006825558002,437893890380859360,18446744073709551600,827240261886336764160,39346408075296537575406,1978419655660313589123960
002378;0,2,6,12,20,30,42,56,72,90,110,132,156,182,210,240,272,306,342,380,420,462,506,552,600,650,702,756,812,870,930,992,1056,1122,1190,1260,1332,1406,1482,1560,1640,1722,1806,1892,1980,2070,2162,2256,2352,2450,2550
006129;1,0,1,4,41,768,27449,1887284,252522481,66376424160,34509011894545,35645504882731588,73356937912127722841,301275024444053951967648,2471655539737552842139838345,40527712706903544101000417059892,1328579255614092968399503598175745633
005056;1,4,12,34,96,274,792,2314,6816,20194,60072,179194,535536,1602514,4799352,14381674,43112256,129271234,387682632,1162785754,3487832976,10462450354,31385253912,94151567434,282446313696,847322163874,2541932937192,7625731702714
145641;5,51,455,3855,31775,258111,2080895,16711935,133956095,1072694271,8585742335,68702703615,549688713215,4397778092031,35183298379775,281470681808895,2251782633947135,18014329790267391,144114913198473215,1152920405096267775,9223367638810361855
155612;1,5,41,317,2321,16565,116921,821357,5758241,40333925,282416201,1977149597,13840755761,96887416085,678218289881,4747547161037,33232887522881,232630384847045,1628413210489961,11398894023111677
122743;1,6,56,960,31744,2064384,266338304,68451041280,35115652612096,35993612646875136,73750947497819242496,302157667927362455470080,2475577847115856892504571904,40562343327224770087344704323584,1329187430965708569562959165777772544
005367;4,18,70,270,1054,4158,16510,65790,262654,1049598,4196350,16781310,67117054,268451838,1073774590,4295032830,17180000254,68719738878,274878431230,1099512676350,4398048608254,17592190238718
048861;0,3,26,255,3124,46655,823542,16777215,387420488,9999999999,285311670610,8916100448255,302875106592252,11112006825558015,437893890380859374,18446744073709551615,827240261886336764176,39346408075296537575423,1978419655660313589123978
037184;6,48,420,3840,38010,407904,4739112,59405760,800309070,11542072080,177536452236,2902434644928,50271450894210,919799178083520,17730187503894480,359183503307677824,7629999730919490582,169605272611054951920,3937616869933172881140
170940;0,10,54,238,990,4030,16254,65278,261630,1047550,4192254,16773118,67100670,268419070,1073709054,4294901758,17179738110,68719214590,274877382654,1099510579198,4398044413950,17592181850110,70368735789054,281474959933438,1125899873288190
058877;0,2,9,28,75,186,441,1016,2295,5110,11253,24564,53235,114674,245745,524272,1114095,2359278,4980717,10485740,22020075,46137322,96468969,201326568,419430375,872415206,1811939301,3758096356,7784628195,16106127330,33285996513
246189;1,6,51,580,8265,141246,2810437,63748728,1622579985,45775778950,1417347491241,47776074289164,1741386177576409,68238497945688630,2860625245955274225,127736893134458097136,6052712065187733972513,303322427195785592735502,16028016368907840953165425
326555;1,5,169,42875,88529281,1572763671875,248679006649044049,356333757516508153671875,4663869092837765297703279248641,558720643076358108093837582958513671875,612058887069969285456490153219530731912451357649,6117651922857367443605981033627635368555142419249951171875,556511030566224080586773690363350894350192064787062589546222802473281
001020;1,11,121,1331,14641,161051,1771561,19487171,214358881,2357947691,25937424601,285311670611,3138428376721,34522712143931,379749833583241,4177248169415651,45949729863572161,505447028499293771,5559917313492231481,61159090448414546291
000027;1,2,3,4,5,6,7,8,9,10,11,12,13,14,15,16,17,18,19,20,21,22,23,24,25,26,27,28,29,30,31,32,33,34,35,36,37,38,39,40,41,42,43,44,45,46,47,48,49,50,51,52,53,54,55,56,57,58,59,60,61,62,63,64,65,66,67,68,69,70,71,72,73,74,75,76,77
066068;1,2,6,30,260,3130,46662,823550,16777224,387420498,10000000010,285311670622,8916100448268,302875106592266,11112006825558030,437893890380859390,18446744073709551632,827240261886336764194
176043;1,1,3,20,189,2304,34375,606528,12353145,285212672,7360989291,210000000000,6562168424053,222902511206400,8177627877990831,322248197941182464,13574710601806640625,608742554432415203328,28953409166021786746195,1455817098785971890290688,77158366570752229975835181
337852;1,5,81,4913,1185921,1160290625,4608273662721,74051159531521793,4796659837465472798721,1248862969947666168212890625,1304426412609681656861792686592001,5459157240288132828933147334116110282753,91477746675481294892349178081259839233191936001
109345;1,1,5,125,15625,9765625,30517578125,476837158203125,37252902984619140625,14551915228366851806640625,28421709430404007434844970703125
047656;1,1,3,27,729,59049,14348907,10460353203,22876792454961,150094635296999121,2954312706550833698643,174449211009120179071170507,30903154382632612361920641803529,16423203268260658146231467800709255289,26183890704263137277674192438430182020124347
083323;1,2,6,20,66,212,666,2060,6306,19172,58026,175100,527346,1586132,4766586,14316140,42981186,129009092,387158346,1161737180,3485735826,10458256052,31376865306,94134790220,282412759266,847255055012
000354;1,1,5,29,233,2329,27949,391285,6260561,112690097,2253801941,49583642701,1190007424825,30940193045449,866325405272573,25989762158177189,831672389061670049,28276861228096781665,1017967004211484139941,38682746160036397317757
000165;1,2,8,48,384,3840,46080,645120,10321920,185794560,3715891200,81749606400,1961990553600,51011754393600,1428329123020800,42849873690624000,1371195958099968000,46620662575398912000,1678343852714360832000,63777066403145711616000
133460;1,6,144,13824,5308416,8153726976,50096498540544,1231171548132409344,121029087867608368152576,47590573814949492091483324416,74853500292876717928978827574247424
251183;1,2,20,662,80744,38724842,75185316860,593940189201662,19026394370724334544,2460515237682283759296722,1280059938187721964276628432100,2672755638642586172344574379667166822,22366135140308331991861876017552822964355384,749476887752252949738787898479359344347670538150842
000420;1,7,49,343,2401,16807,117649,823543,5764801,40353607,282475249,1977326743,13841287201,96889010407,678223072849,4747561509943,33232930569601,232630513987207,1628413597910449,11398895185373143,79792266297612001,558545864083284007
060867;1,9,49,225,961,3969,16129,65025,261121,1046529,4190209,16769025,67092481,268402689,1073676289,4294836225,17179607041,68718952449,274876858369,1099509530625,4398042316801,17592177655809,70368727400449,281474943156225,1125899839733761
109354;1,1,6,216,46656,60466176,470184984576,21936950640377856,6140942214464815497216,10314424798490535546171949056,103945637534048876111514866313854976,6285195213566005335561053533150026217291776,2280250319867037997421842330085227917956272625811456
099168;1,3,45,3375,1265625,2373046875,22247314453125,1042842864990234375,244416296482086181640625,286425347439944744110107421875,1678273520155926235020160675048828125
126884;2,3,9,65,1025,32769,2097153,268435457,68719476737,35184372088833,36028797018963969,73786976294838206465,302231454903657293676545,2475880078570760549798248449,40564819207303340847894502572033,1329227995784915872903807060280344577,87112285931760246646623899502532662132737
007778;0,1,8,81,1024,15625,279936,5764801,134217728,3486784401,100000000000,3138428376721,106993205379072,3937376385699289,155568095557812224,6568408355712890625,295147905179352825856,14063084452067724991009,708235345355337676357632
324306;1,2,14,464,62498,32904512,68218246274,561509337384704,18430991691638470658,2417187707139291150820352,1267541805135644381508133312514,2658386272482288686337601015526764544,22300569741768576670596245546950890721591298,748287098859335987804516114266959555239667124355072,100433559671950042126701317490712783944232737693284609851394
081626;1,8,56,368,2336,14528,89216,543488,3293696,19893248,119883776,721399808,4336787456,26054279168,156459892736,939296227328,5637924847616,33836139020288,203051193860096,1218444602114048
155611;1,4,28,190,1216,7534,45928,277750,1673056,10058014,60407128,362619910,2176250896,13059099694,78359381128,470170635670,2821066860736,16926530304574,101559569247928,609358577749030,3656154953278576
058481;1,7,25,79,241,727,2185,6559,19681,59047,177145,531439,1594321,4782967,14348905,43046719,129140161,387420487,1162261465,3486784399,10460353201,31381059607,94143178825,282429536479,847288609441
155599;1,7,61,505,4081,32737,262081,2097025,16776961,134217217,1073740801,8589932545,68719472641,549755805697,4398046494721,35184372056065,281474976645121,2251799813554177,18014398509219841,144115188075331585
098916;0,4,36,288,2400,21600,211680,2257920,26127360,326592000,4390848000,63228211200,971415244800,15866448998400,274611617280000,5021469573120000,96746980442112000,1959126353952768000
134485;1,2,13,305,26881,9078017,11882207233,60716967030785,1217207202583019521,96068905115897742032897,29929069804525281689001787393,36877162272858587692985585499111425
083667;1,2,12,216,11664,1889568,918330048,1338925209984,5856458868470016,76848453272063549952,3025216211508053707410432,357271984146678126737757198336,126579320351263180234426948827254784
005019;1,7,169,14911,4925281,6195974527,30074093255809,568640725896660991,42170765737391337500161,12325140160135610565932361727,14244006984657003076298588475598849
202989;1,4,100,21952,45212176,864866612224,151334226289000000,240066313618039143841792,3437872835498096514323500400896,443629285048033016198674962874808664064,515464807019389919369209932597753906250000000000
322661;1,1,5,45,809,28217,1914733,254409765,66628946641,34575388318705,35680013894626133,73392583417010454429,301348381381966079690489,2471956814761996896091805993,40530184362443281653842556898237,1328619783326799871943604598592805525
047863;1,2,6,26,162,1442,18306,330626,8488962,309465602,16011372546,1174870185986,122233833963522,18023122242478082,3765668654914699266,1114515608405262434306,467221312005126294077442,277362415313453291571118082
126883;0,1,7,63,1023,32767,2097151,268435455,68719476735,35184372088831,36028797018963967,73786976294838206463,302231454903657293676543,2475880078570760549798248447,40564819207303340847894502572031,1329227995784915872903807060280344575
027649;1,4,14,46,146,454,1394,4246,12866,38854,117074,352246,1058786,3180454,9549554,28665046,86027906,258149254,774578834,2323998646,6972520226,20918609254,62757924914,188277969046
055601;1,1,9,343,50625,28629151,62523502209,532875860165503,17878103347812890625,2375680873491867011912191,1255325460068093790930770843649,2644211984585174742731315532085090303,22235498641774645581443610453175918212890625
212291;1,1,1,5,17,89,529,3709,29665,266993,2669921,29369141,352429681,4581585865,64142202097,962133031469,15394128503489,261700184559329,4710603322067905,89501463119290213,1790029262385804241,37590614510101889081,826993519222241559761
053764;1,1,9,729,531441,3486784401,205891132094649,109418989131512359209,523347633027360537213511521,22528399544939174411840147874772641,8727963568087712425891397479476727340041449,30432527221704537086371993251530170531786747066637049,955004950796825236893190701774414011919935138974343129836853841,269721605590607563262106870407286853611938890184108047911269431464974473521
033540;1,2,6,21,88,445,2676,18739,149920,1349289,13492900,148421911,1781062944,23153818285,324153456004,4862301840075,77796829441216,1322546100500689,23805829809012420,452310766371235999,9046215327424720000,189970521875919120021
173403;1,1,13,469,63577,33231721,68519123173,562469619451069,18442242396353040817,2417685638793025070212561,1267626422541873052658376446653,2658442047546208031914776455678477989,22300713297142388711251601783864453690641417
086193;1,0,1,18,1699,592260,754179301,3562635108438,63770601591579079,4405870283636411477640,1190873924687350003735546441,1270602397076493907445608866890778,5381240610642043789096251476993474339179
191341;3,11,51,227,963,3971,16131,65027,261123,1046531,4190211,16769027,67092483,268402691,1073676291,4294836227,17179607043,68718952451,274876858371,1099509530627,4398042316803,17592177655811,70368727400451,281474943156227,1125899839733763
251657;1,5,49,1331,130321,52521875,90458382169,662062621900811,20248745068443234721,2548385124666493326171875,1305282261160894865367626964649,2701607566979638625212777041914285051,22497539334127167666989016452232087989410801,751859086636251929847496735809485838154930419921875
000248;1,1,3,10,41,196,1057,6322,41393,293608,2237921,18210094,157329097,1436630092,13810863809,139305550066,1469959371233,16184586405328,185504221191745,2208841954063318,27272621155678841,348586218389733556,4605223387997411873
020518;1,11,205,3641,61681,1016801,16519105,266354561,4278255361,68585520641,1098438933505,17583600302081,281406274007041,4503049938657281,72053196259835905,1152886321308467201,18446462603027742721,295145653396718878721,4722348468539854946305
060758;1,5,625,1953125,152587890625,298023223876953125,14551915228366851806640625,17763568394002504646778106689453125,542101086242752217003726400434970855712890625,413590306276513837435704346034981426782906055450439453125,7888609052210118054117285652827862296732064351090230047702789306640625
047053;1,4,32,384,6144,122880,2949120,82575360,2642411520,95126814720,3805072588800,167423193907200,8036313307545600,417888291992371200,23401744351572787200,1404104661094367232000,89862698310039502848000
089205;0,4,54,768,12500,233280,4941258,117440512,3099363912,90000000000,2853116706110,98077104930816,3634501279107036,144456088732254208,6130514465332031250,276701161105643274240,13235844190181388226832
212850;1,19,163,1135,7291,45199,275563,1666495,10038331,60348079,362442763,2175719455,13057505371,78354598159,470156286763,2821023814015,16926401164411,101559181827439,609357415487563,3656151466494175
011557;1,10,100,1000,10000,100000,1000000,10000000,100000000,1000000000,10000000000,100000000000,1000000000000,10000000000000,100000000000000,1000000000000000,10000000000000000,100000000000000000,1000000000000000000
006898;1,3,13,95,1337,38619,2310533,283841911,70927591153,35812691480115,36383765777442685,74185239630793429775,303119284294591169426729,2479814853198140771706795531,40599509058360322571947638063605
155602;1,6,24,90,336,1266,4824,18570,72096,281826,1107624,4371450,17308656,68703186,273218424,1088090730,4338014016,17309009346,69106897224,276040168410,1102998412176,4408506864306,17623567104024,70462887356490
161937;1,2,15,116,1165,13974,195643,3130280,56345049,1126900970,24791821351,595003712412,15470096522725,433162702636286,12994881079088595,415836194530835024,14138430614048390833,508983502105742069970,19341373080018198658879,773654923200727946355140
092440;1,5,25,113,481,1985,8065,32513,130561,523265,2095105,8384513,33546241,134201345,536838145,2147418113,8589803521,34359476225,137438429185,549754765313,2199021158401,8796088827905,35184363700225
095340;1,4,24,256,5120,196608,14680064,2147483648,618475290624,351843720888320,396316767208603648,885443715538058477568,3929008913747544817795072,34662321099990647697175478272,608472288109550112718417538580480,21267647932558653966460912964485513216
202991;1,1,49,15625,38950081,812990017201,147640825624179889,237771659632917369765625,3425319186561140076700951192321,443021141828981570872668681812345111521,515202988063835984513918825523304657054713360049
000312;1,1,4,27,256,3125,46656,823543,16777216,387420489,10000000000,285311670611,8916100448256,302875106592253,11112006825558016,437893890380859375,18446744073709551616,827240261886336764177,39346408075296537575424,1978419655660313589123979
048291;1,1,7,265,41503,24997921,57366997447,505874809287625,17343602252913832063,2334958727565749108488321,1243237913592275536716800402887,2630119877024657776969635243647463625,22170632855360952977731028744522744983195423
086206;0,1,27,2401,759375,887503681,3938980639167,67675234241018881,4558916353692287109375,1213972926354344043087129601,1284197945649659948122178573052927,5412701932445852698371002894178179850241,91054366938067173656011584805755385081787109375
109966;1,1,8,512,262144,1073741824,35184372088832,9223372036854775808,19342813113834066795298816,324518553658426726783156020576256,43556142965880123323311949751266331066368,46768052394588893382517914646921056628989841375232,401734511064747568885490523085290650630550748445698208825344
086325;0,2,6,36,220,1590,12978,118664,1201464,13349610,161530270,2114578092,29780308116,448995414686,7215997736010,123153028027920,2224451568754288,42395429898611154,850263899633257014,17900292623858042420,394701452356069835340,9096928711444657157382,218739785834282892557026
000244;1,3,9,27,81,243,729,2187,6561,19683,59049,177147,531441,1594323,4782969,14348907,43046721,129140163,387420489,1162261467,3486784401,10460353203,31381059609,94143178827,282429536481,847288609443,2541865828329,7625597484987
093069;7,23,79,287,1087,4223,16639,66047,263167,1050623,4198399,16785407,67125247,268468223,1073807359,4295098367,17180131327,68720001023,274878955519,1099513724927,4398050705407,17592194433023,70368760954879,281475010265087,1125899973951487
085527;1,3,25,343,6561,161051,4826809,170859375,6975757441,322687697779,16679880978201,952809757913927,59604644775390625,4052555153018976267,297558232675799463481,23465261991844685929951,1977985201462558877934081,177482997121587371826171875
000522;1,2,5,16,65,326,1957,13700,109601,986410,9864101,108505112,1302061345,16926797486,236975164805,3554627472076,56874039553217,966858672404690,17403456103284421,330665665962404000,6613313319248080001,138879579704209680022,3055350753492612960485,70273067330330098091156
165327;1,2,9,125,6561,1419857,1291467969,4902227890625,76686282021340161,4891005035897482905857,1262332172765951010966606849,1312086657801266767978668212890625
000266;1,1,1,3,15,75,435,3045,24465,220185,2200905,24209955,290529855,3776888115,52876298475,793144477125,12690313661025,215735332237425,3883235945814225,73781482970470275,1475629660064134575,30988222861346826075,681740902935880863075
006125;1,1,2,8,64,1024,32768,2097152,268435456,68719476736,35184372088832,36028797018963968,73786976294838206464,302231454903657293676544,2475880078570760549798248448,40564819207303340847894502572032,1329227995784915872903807060280344576
135756;1,2,7,80,4381,1069742,1080096067,4405584869660,72092808533798521,4723015159635987920282,1237987266193328694390243007,1298087832233881093828346620725800
000240;1,0,3,8,45,264,1855,14832,133497,1334960,14684571,176214840,2290792933,32071101048,481066515735,7697064251744,130850092279665,2355301661033952,44750731559645107,895014631192902120,18795307255050944541,413496759611120779880
267816;1,3,23,111,479,1983,8063,32511,130559,523263,2095103,8384511,33546239,134201343,536838143,2147418111,8589803519,34359476223,137438429183,549754765311,2199021158399,8796088827903,35184363700223,140737471578111,562949919866879
217994;2,4,16,128,2048,65536,4194304,536870912,137438953472,70368744177664,72057594037927936,147573952589676412928,604462909807314587353088
001024;1,15,225,3375,50625,759375,11390625,170859375,2562890625,38443359375,576650390625,8649755859375,129746337890625,1946195068359375,29192926025390625,437893890380859375,6568408355712890625,98526125335693359375,1477891880035400390625,22168378200531005859375,332525673007965087890625
055869;1,5,37,369,4651,70993,1273609,26269505,612579511,15937424601,457696700077,14381984674225,490839666661891,18080919199832609,715027614225987601,30214447801957316865,1358671297852359767791,64780942222614703957417,3264460344339686410876021
045531;1,3,19,175,2101,31031,543607,11012415,253202761,6513215599,185311670611,5777672071535,195881901213181,7174630439858727,282325794823047151,11878335717996660991,532092356706983938321,25283323623228812584415,1270184310304975912766347
006896;1,2,5,18,113,1450,40069,2350602,286192513,71213783666,35883905263781,36419649682706466,74221659280476136241,303193505953871645562970,2480118046704094643352358501,40601989176407026666590990422106,1329877330167226219547875498464516481
000166;1,0,1,2,9,44,265,1854,14833,133496,1334961,14684570,176214841,2290792932,32071101049,481066515734,7697064251745,130850092279664,2355301661033953,44750731559645106,895014631192902121,18795307255050944540,413496759611120779881,9510425471055777937262
127986;1,2,5,13,39,151,783,5167,40575,363391,3629823,39918847,479005695,6227028991,87178307583,1307674400767,20922789953535,355687428227071,6402373705990143,121645100409356287,2432902008177688575,51090942171711537151,1124000727777611874303
000079;1,2,4,8,16,32,64,128,256,512,1024,2048,4096,8192,16384,32768,65536,131072,262144,524288,1048576,2097152,4194304,8388608,16777216,33554432,67108864,134217728,268435456,536870912,1073741824,2147483648,4294967296,8589934592
202990;1,4,100,10648,4477456,7339040224,47045881000000,1186980379913527168,118530511097526559703296,47035767668340696232372862464,74367598058372171073462490000000000,469253945833810205185008441288962454059008
055897;1,2,12,108,1280,18750,326592,6588344,150994944,3874204890,110000000000,3423740047332,115909305827328,4240251492291542,166680102383370240,7006302246093750000,313594649253062377472,14890324713954061755186,747581753430634213933056
085350;1,5,23,101,431,1805,7463,30581,124511,504605,2038103,8211461,33022991,132623405,532087943,2133134741,8546887871,34230598205,137051532983,548593552421,2195536471151,8785632669005,35152991029223
135160;1,6,30,144,690,3336,16290,80184,396930,1972296,9823650,49003224,244667970,1222289256,6108282210,30531894264,152630871810,763068462216,3815084423970,19074648065304,95370917376450,476847616459176,2384217167880930,11921023089868344,59604927188149890,298024071132008136
128831;1,27,343,3375,29791,250047,2048383,16581375,133432831,1070599167,8577357823,68669157375,549554511871,4397241253887,35181150961663,281462092005375,2251748274470911,18014192351838207,144114363443707903
033484;1,4,10,22,46,94,190,382,766,1534,3070,6142,12286,24574,49150,98302,196606,393214,786430,1572862,3145726,6291454,12582910,25165822,50331646,100663294,201326590,402653182,805306366,1610612734,3221225470
085352;1,7,47,307,1967,12427,77687,481747,2968607,18202267,111166727,676765987,4109424047,24900684907,150624812567,909852391027,5489631924287,33090379436347,199305216071207,1199645993692867
083319;1,5,21,83,321,1235,4761,18443,71841,281315,1106601,4369403,17304561,68694995,273202041,1088057963,4337948481,17308878275,69106635081,276039644123,1102997363601,4408504767155,17623562909721,70462878967883
230879;1,2,56,16064,39156608,813732073472,147662286695991296,237776857718965784182784,3425329990022686416530808209408,443021337239562368918979788606843912192,515203019085226443540506018909263027730003787776
048473;1,5,17,53,161,485,1457,4373,13121,39365,118097,354293,1062881,3188645,9565937,28697813,86093441,258280325,774840977,2324522933,6973568801,20920706405,62762119217,188286357653,564859072961
109493;1,1,7,343,117649,282475249,4747561509943,558545864083284007,459986536544739960976801,2651730845859653471779023381601,107006904423598033356356300384937784807
135755;1,2,6,40,860,63000,14714728,10562062112,22960880409360,150300904214651680,2955814683617734854752,174481716707875308905153664,30905247968182392588500030233024
001907;1,3,25,299,4785,95699,2296777,64309755,2057912161,74084837795,2963393511801,130389314519243,6258687096923665,325451729040030579,18225296826241712425,1093517809574502745499,69985139812768175711937,4758989507268235948411715
000142;1,1,2,6,24,120,720,5040,40320,362880,3628800,39916800,479001600,6227020800,87178291200,1307674368000,20922789888000,355687428096000,6402373705728000,121645100408832000,2432902008176640000,51090942171709440000,1124000727777607680000
287065;1,11,421,59747,32260381,67680006971,559876911043381,18412604442711949187,2416403019417984915336061,1267413006543912045144741284411,2658304092145691708492995820522716981,22300364428188338185156192161829091442585827
337418;32,290,2240,16322,116192,819170,5751680,40314242,282357152,1976972450,13840224320,96885821762,678213506912,4747532812130,33232844476160,232630255706882,1628412823069472,11398892860850210,79792259324043200,558545843162577602
020540;4,56,496,4064,32704,262016,2096896,16776704,134216704,1073739776,8589930496,68719468544,549755797504,4398046478336,35184372023296,281474976579584,2251799813423104,18014398508957696,144115188074807296
132727;1,3,18,216,5184,248832,23887872,4586471424,1761205026816,1352605460594688,2077601987473440768,6382393305518410039296,39213424469105111281434624,481854559876363607426268659712
155588;1,6,28,132,640,3156,15688,78252,390880,1953636,9766648,48830172,244144720,1220711316,6103532008,30517610892,152587956160,762939584196,3814697527768,19073486852412,95367432689200,476837160300276
001804;2,18,144,1200,10800,105840,1128960,13063680,163296000,2195424000,31614105600,485707622400,7933224499200,137305808640000,2510734786560000,48373490221056000,979563176976384000,20801312169910272000,462251381553561600000
135748;1,3,21,567,67689,33887403,68921796861,563431696713567,18451249599365935569,2418017680197896730749523,1267674779574792745831097365221,2658469935859419140387217204140789127,22300777100086187451068223319189800258419769
155629;1,5,49,449,3841,31745,258049,2080769,16711681,133955585,1072693249,8585740289,68702699521,549688705025,4397778075649,35183298347009,281470681743361,2251782633816065,18014329790005249,144114913197948929
180602;1,3,49,3375,923521,992436543,4195872914689,70110209207109375,4649081944211090042881,1227102111503512992112190463,1291749870339606615892191271170049,5429914198235566686555216227881787109375
000085;1,1,2,4,10,26,76,232,764,2620,9496,35696,140152,568504,2390480,10349536,46206736,211799312,997313824,4809701440,23758664096,119952692896,618884638912,3257843882624,17492190577600,95680443760576,532985208200576,3020676745975552
068156;1,3,9,21,45,93,189,381,765,1533,3069,6141,12285,24573,49149,98301,196605,393213,786429,1572861,3145725,6291453,12582909,25165821,50331645,100663293,201326589,402653181,805306365,1610612733
059153;4,24,112,480,1984,8064,32512,130560,523264,2095104,8384512,33546240,134201344,536838144,2147418112,8589803520,34359476224,137438429184,549754765312,2199021158400,8796088827904,35184363700224,140737471578112,562949919866880
110567;1,2,9,82,1025,15626,279937,5764802,134217729,3486784402,100000000001,3138428376722,106993205379073,3937376385699290,155568095557812225,6568408355712890626,295147905179352825857,14063084452067724991010
083320;1,6,32,162,800,3906,18992,92322,449600,2195586,10755152,52845282,260386400,1286217666,6367168112,31576971042,156839811200,779990182146,3883029321872,19347201973602,96463456484000,481224744361026
085528;1,9,125,2401,59049,1771561,62748517,2562890625,118587876497,6131066257801,350277500542221,21914624432020321,1490116119384765625,109418989131512359209,8629188747598184440949,727423121747185263828481,65273511648264442971824673
241098;1,3,225,250047,4228250625,1120413075641343,4715453174592516890625,316777275155162685106909462527,340240830764391036687105719527812890625,5845805845679338940092384222659294205213252255743,1606922719369349023077959288770050490334792256259918212890625
133798;0,0,3,14,75,454,3185,25486,229383,2293838,25232229,302786758,3936227867,55107190150,826607852265,13225725636254,224837335816335,4047072044694046,76894368849186893,1537887376983737878
136516;1,3,25,729,83521,39135393,75418890625,594467302491009,19031147999601100801,2460686496619787545743873,1280084544196357822418212890625,2672769719437237714909813214827010049,22366167213460480200139104627873703828439041
099393;1,5,19,71,271,1055,4159,16511,65791,262655,1049599,4196351,16781311,67117055,268451839,1073774591,4295032831,17180000255,68719738879,274878431231,1099512676351,4398048608255,17592190238719
072034;1,1,6,54,680,11000,217392,5076400,136761984,4175432064,142469423360,5372711277824,221903307604992,9961821300640768,482982946946734080,25150966159083264000,1400031335107317628928,82960293298087664648192
010845;1,4,25,226,2713,40696,732529,15383110,369194641,9968255308,299047659241,9868572754954,355268619178345,13855476147955456,581929998214129153,26186849919635811886,1256968796142518970529
283624;1,0,2,102,22874,17633670,46959933962,451575174961302,16271255119687320314,2253375946574190518740230,1219041140314101911449662059402,2601922592659455476330065914740044182,22040870572750372076278589658097827953983034
226773;1,2,6,28,216,3008,82944,4774912,575299584,142633336832,71796623671296,72847596766363648,148448195686743146496,606392780411924463484928,4960249711027691772375465984,81204042297885177526853243502592
317637;0,8,30,72,140,240,378,560,792,1080,1430,1848,2340,2912,3570,4320,5168,6120,7182,8360,9660,11088,12650,14352,16200,18200,20358,22680,25172,27840,30690,33728,36960,40392,44030,47880,51948,56240,60762,65520,70520,75768,81270,87032
002416;1,2,16,512,65536,33554432,68719476736,562949953421312,18446744073709551616,2417851639229258349412352,1267650600228229401496703205376,2658455991569831745807614120560689152,22300745198530623141535718272648361505980416,748288838313422294120286634350736906063837462003712
079491;1,2,7,45,545,12625,564929,49162689,8361575425,2789624383745,1830776926245889,2368773751202917377,6053217182280501452801,30595465072175429929979905,306239118989330960523869667329,6076268165073202122463201684865025
011379;0,2,12,36,80,150,252,392,576,810,1100,1452,1872,2366,2940,3600,4352,5202,6156,7220,8400,9702,11132,12696,14400,16250,18252,20412,22736,25230,27900,30752,33792,37026,40460,44100,47952,52022,56316,60840
081955;1,2,24,1728,746496,1934917632,30091839012864,2807929681968365568,1572081206902992767287296,5280985496827154199640037916672,106440332834866049138191223105387495424,12872079797383178927229037635891253693013557248
000400;1,6,36,216,1296,7776,46656,279936,1679616,10077696,60466176,362797056,2176782336,13060694016,78364164096,470184984576,2821109907456,16926659444736,101559956668416,609359740010496,3656158440062976,21936950640377856,131621703842267136
060757;1,4,256,262144,4294967296,1125899906842624,4722366482869645213696,316912650057057350374175801344,340282366920938463463374607431768211456,5846006549323611672814739330865132078623730171904,1606938044258990275541962092341162602522202993782792835301376
196460;1,5,47,1193,113855,46857665,83540629607,629692415941433,19653639560140008575,2505063418700072099312705,1292764583816731772891346438887,2687238342732260436646020885678131993,22431974111110989403331425804893720873764255
290840;1,2,12,117,1584,27525,585108,14726411,428551616,14161828185,523952280900,21456869976135,963553844335536,47078974421716757,2486272976536821332,141118622400977894475,8566597074999702384384,553816179165426157329201,37985975117322654130568964
281997;0,4,216,20736,3200000,729000000,230539333248,96717311574016,51998697814228992,34867844010000000000,28531167061100000000000,27982542656501458535448576,32405578483833249047003529216,43752153272681450786889799450624
001189;0,1,3,9,25,75,231,763,2619,9495,35695,140151,568503,2390479,10349535,46206735,211799311,997313823,4809701439,23758664095,119952692895,618884638911,3257843882623,17492190577599,95680443760575,532985208200575,3020676745975551
101052;1,1,3,13,51,181,603,1933,6051,18661,57003,173053,523251,1577941,4750203,14283373,42915651,128878021,386896203,1161212893,3484687251,10456158901,31372671003,94126401613,282395982051,847221500581
085532;0,4,64,1296,32768,1000000,35831808,1475789056,68719476736,3570467226624,204800000000000,12855002631049216,876488338465357824,64509974703297150976,5097655355238390956032,430467210000000000000000,38685626227668133590597632
337527;1,1,11,427,60719,32596531,68021747591,561032498484067,18426501525211985279,2417021848422676355879011,1267517634087900247917422974151,2658372329655374477213702898696297427,22300537841216964110498789350509161482874399
